evaluation,vendor,Technique,Tactic,General,Telemetry,None,N/A,Detected,Visibility,total_percent
2021_carbanak,Cybereason,76.0,2.0,2.0,9.0,7.0,4.0,80.0,89.0,100.0
2021_carbanak,CyCraft,34.0,6.0,25.0,4.0,27.0,4.0,65.0,69.0,100.0
2021_carbanak,IBM Security,45.0,1.0,12.0,19.0,19.0,4.0,58.0,77.0,100.0
2021_carbanak,McAfee,35.0,4.0,9.0,37.0,11.0,4.0,48.0,85.0,100.0
2021_carbanak,SentinelOne,82.0,2.0,3.0,9.0,0.0,4.0,87.0,96.0,100.0
2021_carbanak,FireEye,59.0,1.0,5.0,14.0,16.0,4.0,65.0,79.0,99.0
2021_carbanak,Micro Focus,43.0,0.0,2.0,26.0,24.0,4.0,45.0,71.0,99.0
2021_carbanak,Microsoft,54.0,2.0,6.0,23.0,10.0,4.0,62.0,85.0,99.0
2021_carbanak,Check Point,61.0,0.0,1.0,27.0,5.0,4.0,62.0,89.0,98.0
2021_carbanak,Cisco,12.0,0.0,9.0,53.0,20.0,4.0,21.0,74.0,98.0
2021_carbanak,Elastic,24.0,1.0,6.0,51.0,12.0,4.0,31.0,82.0,98.0
2021_carbanak,ESET,32.0,2.0,7.0,34.0,7.0,16.0,41.0,75.0,98.0
2021_carbanak,Fidelis,34.0,10.0,0.0,40.0,10.0,4.0,44.0,84.0,98.0
2021_carbanak,Fortinet,23.0,2.0,8.0,32.0,17.0,16.0,33.0,65.0,98.0
2021_carbanak,GoSecure,19.0,1.0,8.0,20.0,34.0,16.0,28.0,48.0,98.0
2021_carbanak,Palo Alto Networks,72.0,0.0,5.0,15.0,2.0,4.0,77.0,92.0,98.0
2021_carbanak,Sophos,20.0,1.0,0.0,45.0,16.0,16.0,21.0,66.0,98.0
2021_carbanak,Uptycs,21.0,2.0,13.0,39.0,18.0,4.0,36.0,75.0,97.0
2021_carbanak,WithSecure,22.0,2.0,15.0,40.0,14.0,4.0,39.0,79.0,97.0
2021_carbanak,VMware Carbon Black,37.0,0.0,16.0,31.0,8.0,4.0,53.0,84.0,96.0
2021_carbanak,Cynet,38.0,0.0,4.0,41.0,8.0,4.0,42.0,83.0,95.0
2021_carbanak,Open Text,14.0,0.0,2.0,51.0,12.0,16.0,16.0,67.0,95.0
2021_carbanak,CrowdStrike,14.0,5.0,5.0,59.0,8.0,3.0,24.0,83.0,94.0
2021_carbanak,BlackBerry Cylance,27.0,0.0,10.0,38.0,15.0,4.0,37.0,75.0,94.0
2021_carbanak,Bitdefender,57.0,4.0,8.0,9.0,10.0,4.0,69.0,78.0,92.0
2021_carbanak,TrendAI,37.0,2.0,11.0,33.0,3.0,4.0,50.0,83.0,90.0
2021_carbanak,AhnLab,13.0,1.0,3.0,21.0,35.0,16.0,17.0,38.0,89.0
2021_carbanak,Broadcom Symantec,42.0,0.0,7.0,29.0,7.0,4.0,49.0,78.0,89.0
2021_carbanak,ThreatDown,33.0,0.0,3.0,10.0,22.0,16.0,36.0,46.0,84.0
2021_fin7,Cisco,12.66,0.0,8.86,36.71,40.51,1.27,21.52,58.23,100.0
2021_fin7,CyCraft,36.71,3.8,35.44,1.27,21.52,1.27,75.95,77.22,100.0
2021_fin7,Fidelis,24.05,17.72,2.53,32.91,21.52,1.27,44.3,77.22,100.0
2021_fin7,IBM Security,39.24,2.53,12.66,18.99,25.32,1.27,54.43,73.42,100.0
2021_fin7,Palo Alto Networks,81.01,0.0,6.33,7.59,3.8,1.27,87.34,94.94,100.0
2021_fin7,SentinelOne,86.08,5.06,0.0,7.59,0.0,1.27,91.14,98.73,100.0
2021_fin7,ThreatDown,62.03,0.0,0.0,6.33,30.38,1.27,62.03,68.35,100.0
2021_fin7,VMware Carbon Black,35.44,2.53,6.33,39.24,15.19,1.27,44.3,83.54,100.0
2021_fin7,AhnLab,16.46,1.27,2.53,30.38,46.84,1.27,20.25,50.63,98.73
2021_fin7,Cynet,37.97,1.27,8.86,32.91,16.46,1.27,48.1,81.01,98.73
2021_fin7,ESET,27.85,1.27,13.92,44.3,10.13,1.27,43.04,87.34,98.73
2021_fin7,Microsoft,50.63,1.27,8.86,20.25,16.46,1.27,60.76,81.01,98.73
2021_fin7,TrendAI,45.57,0.0,10.13,36.71,5.06,1.27,55.7,92.41,98.73
2021_fin7,Bitdefender,55.7,7.59,16.46,8.86,7.59,1.27,79.75,88.61,97.47
2021_fin7,Fortinet,25.32,0.0,7.59,27.85,35.44,1.27,32.91,60.76,97.47
2021_fin7,GoSecure,22.78,0.0,8.86,29.11,35.44,1.27,31.65,60.76,97.47
2021_fin7,Sophos,18.99,0.0,1.27,40.51,35.44,1.27,20.25,60.76,97.47
2021_fin7,Check Point,58.23,1.27,2.53,24.05,8.86,1.27,62.03,86.08,96.2
2021_fin7,Elastic,17.72,2.53,5.06,41.77,27.85,1.27,25.32,67.09,96.2
2021_fin7,WithSecure,25.32,3.8,11.39,44.3,10.13,1.27,40.51,84.81,96.2
2021_fin7,CrowdStrike,15.19,3.8,3.8,53.16,17.72,1.27,22.78,75.95,94.94
2021_fin7,FireEye,46.84,1.27,6.33,11.39,27.85,1.27,54.43,65.82,94.94
2021_fin7,Open Text,8.86,1.27,6.33,45.57,31.65,1.27,16.46,62.03,94.94
2021_fin7,Cybereason,73.42,3.8,0.0,6.33,8.86,1.27,77.22,83.54,93.67
2021_fin7,BlackBerry Cylance,25.32,0.0,22.78,21.52,22.78,1.27,48.1,69.62,93.67
2021_fin7,McAfee,34.18,3.8,6.33,31.65,15.19,1.27,44.3,75.95,92.41
2021_fin7,Micro Focus,27.85,0.0,2.53,25.32,35.44,1.27,30.38,55.7,92.41
2021_fin7,Uptycs,12.66,2.53,13.92,25.32,36.71,1.27,29.11,54.43,92.41
2021_fin7,Broadcom Symantec,45.57,3.8,5.06,25.32,10.13,1.27,54.43,79.75,91.14
2022_sandworm,Cynet,66.67,7.02,3.51,7.02,15.79,0.0,77.19,84.21,100.0
2022_sandworm,Elastic,33.33,1.75,10.53,42.11,12.28,0.0,45.61,87.72,100.0
2022_sandworm,ESET,24.56,1.75,3.51,22.81,14.04,33.33,29.82,52.63,100.0
2022_sandworm,Fidelis,49.12,3.51,8.77,21.05,17.54,0.0,61.4,82.46,100.0
2022_sandworm,IBM Security,40.35,0.0,3.51,3.51,19.3,33.33,43.86,47.37,100.0
2022_sandworm,Microsoft,78.95,5.26,3.51,3.51,8.77,0.0,87.72,91.23,100.0
2022_sandworm,SentinelOne,92.98,1.75,3.51,0.0,1.75,0.0,98.25,98.25,100.0
2022_sandworm,ThreatDown,59.65,1.75,0.0,0.0,5.26,33.33,61.4,61.4,100.0
2022_sandworm,TrendAI,82.46,0.0,7.02,5.26,5.26,0.0,89.47,94.74,100.0
2022_sandworm,VMware Carbon Black,33.33,1.75,7.02,35.09,22.81,0.0,42.11,77.19,100.0
2022_sandworm,WithSecure,47.37,7.02,5.26,19.3,21.05,0.0,59.65,78.95,100.0
2022_sandworm,AhnLab,40.35,1.75,3.51,14.04,5.26,33.33,45.61,59.65,98.25
2022_sandworm,Cisco,33.33,3.51,12.28,21.05,28.07,0.0,49.12,70.18,98.25
2022_sandworm,BlackBerry Cylance,35.09,3.51,12.28,21.05,26.32,0.0,50.88,71.93,98.25
2022_sandworm,FireEye,54.39,1.75,15.79,7.02,19.3,0.0,71.93,78.95,98.25
2022_sandworm,Palo Alto Networks,94.74,0.0,0.0,0.0,3.51,0.0,94.74,94.74,98.25
2022_sandworm,Qualys,19.3,0.0,12.28,12.28,21.05,33.33,31.58,43.86,98.25
2022_sandworm,Sophos,42.11,3.51,3.51,26.32,22.81,0.0,49.12,75.44,98.25
2022_sandworm,Cybereason,94.74,0.0,0.0,1.75,0.0,0.0,94.74,96.49,96.49
2022_sandworm,CyCraft,50.88,1.75,3.51,14.04,26.32,0.0,56.14,70.18,96.49
2022_sandworm,Fortinet,47.37,3.51,0.0,8.77,3.51,33.33,50.88,59.65,96.49
2022_sandworm,Somma,14.04,0.0,0.0,31.58,17.54,33.33,14.04,45.61,96.49
2022_sandworm,Check Point,75.44,0.0,3.51,5.26,10.53,0.0,78.95,84.21,94.74
2022_sandworm,CrowdStrike,68.42,7.02,3.51,7.02,7.02,0.0,78.95,85.96,92.98
2022_sandworm,McAfee,50.88,3.51,8.77,28.07,1.75,0.0,63.16,91.23,92.98
2022_sandworm,Rapid7,12.28,1.75,1.75,40.35,36.84,0.0,15.79,56.14,92.98
2022_sandworm,Broadcom Symantec,52.63,12.28,10.53,1.75,15.79,0.0,75.44,77.19,92.98
2022_sandworm,Deep Instinct,24.56,0.0,0.0,14.04,19.3,33.33,24.56,38.6,91.23
2022_sandworm,Uptycs,47.37,8.77,1.75,15.79,14.04,0.0,57.89,73.68,87.72
2022_sandworm,Bitdefender,75.44,0.0,5.26,3.51,0.0,0.0,80.7,84.21,84.21
2022_wiz_spider,Cybereason,98.08,0.0,1.92,0.0,0.0,0.0,100.0,100.0,100.0
2022_wiz_spider,Cynet,76.92,3.85,1.92,13.46,3.85,0.0,82.69,96.15,100.0
2022_wiz_spider,ESET,61.54,1.92,15.38,7.69,13.46,0.0,78.85,86.54,100.0
2022_wiz_spider,IBM Security,65.38,3.85,1.92,13.46,15.38,0.0,71.15,84.62,100.0
2022_wiz_spider,McAfee,71.15,3.85,9.62,13.46,1.92,0.0,84.62,98.08,100.0
2022_wiz_spider,SentinelOne,92.31,3.85,0.0,0.0,3.85,0.0,96.15,96.15,100.0
2022_wiz_spider,ThreatDown,92.31,0.0,0.0,0.0,7.69,0.0,92.31,92.31,100.0
2022_wiz_spider,VMware Carbon Black,51.92,1.92,9.62,25.0,11.54,0.0,63.46,88.46,100.0
2022_wiz_spider,WithSecure,42.31,13.46,5.77,11.54,26.92,0.0,61.54,73.08,100.0
2022_wiz_spider,CyCraft,42.31,5.77,11.54,9.62,28.85,0.0,59.62,69.23,98.08
2022_wiz_spider,FireEye,67.31,3.85,7.69,1.92,17.31,0.0,78.85,80.77,98.08
2022_wiz_spider,Microsoft,75.0,1.92,3.85,5.77,11.54,0.0,80.77,86.54,98.08
2022_wiz_spider,Sophos,55.77,3.85,3.85,19.23,15.38,0.0,63.46,82.69,98.08
2022_wiz_spider,Broadcom Symantec,59.62,7.69,15.38,1.92,13.46,0.0,82.69,84.62,98.08
2022_wiz_spider,Bitdefender,86.54,3.85,1.92,1.92,1.92,0.0,92.31,94.23,96.15
2022_wiz_spider,CrowdStrike,73.08,1.92,11.54,9.62,0.0,0.0,86.54,96.15,96.15
2022_wiz_spider,Elastic,44.23,3.85,23.08,17.31,7.69,0.0,71.15,88.46,96.15
2022_wiz_spider,Fidelis,55.77,3.85,5.77,19.23,11.54,0.0,65.38,84.62,96.15
2022_wiz_spider,Palo Alto Networks,96.15,0.0,0.0,0.0,0.0,0.0,96.15,96.15,96.15
2022_wiz_spider,Qualys,38.46,1.92,7.69,25.0,23.08,0.0,48.08,73.08,96.15
2022_wiz_spider,Somma,25.0,3.85,7.69,36.54,23.08,0.0,36.54,73.08,96.15
2022_wiz_spider,Uptycs,57.69,3.85,13.46,11.54,9.62,0.0,75.0,86.54,96.15
2022_wiz_spider,Cisco,51.92,1.92,13.46,19.23,5.77,0.0,67.31,86.54,92.31
2022_wiz_spider,BlackBerry Cylance,40.38,5.77,15.38,23.08,7.69,0.0,61.54,84.62,92.31
2022_wiz_spider,Fortinet,80.77,1.92,0.0,7.69,1.92,0.0,82.69,90.38,92.31
2022_wiz_spider,Rapid7,9.62,1.92,1.92,32.69,46.15,0.0,13.46,46.15,92.31
2022_wiz_spider,TrendAI,67.31,3.85,7.69,9.62,1.92,0.0,78.85,88.46,90.38
2022_wiz_spider,Check Point,82.69,3.85,0.0,0.0,1.92,0.0,86.54,86.54,88.46
2022_wiz_spider,Deep Instinct,42.31,1.92,1.92,13.46,28.85,0.0,46.15,59.62,88.46
2022_wiz_spider,AhnLab,36.54,0.0,9.62,28.85,7.69,0.0,46.15,75.0,82.69
2025_mustang_panda,Acronis,32.14,7.14,14.29,0.0,46.43,0.0,53.57,53.57,100.0
2025_mustang_panda,AhnLab,25.0,17.86,39.29,0.0,17.86,0.0,82.14,82.14,100.0
2025_mustang_panda,CrowdStrike,100.0,0.0,0.0,0.0,0.0,0.0,100.0,100.0,100.0
2025_mustang_panda,Cyberani,7.14,0.0,25.0,0.0,67.86,0.0,32.14,32.14,100.0
2025_mustang_panda,Cybereason,100.0,0.0,0.0,0.0,0.0,0.0,100.0,100.0,100.0
2025_mustang_panda,Cynet,100.0,0.0,0.0,0.0,0.0,0.0,100.0,100.0,100.0
2025_mustang_panda,ESET,35.71,14.29,3.57,0.0,46.43,0.0,53.57,53.57,100.0
2025_mustang_panda,Sophos,71.43,7.14,14.29,0.0,7.14,0.0,92.86,92.86,100.0
2025_mustang_panda,TrendAI,64.29,3.57,0.0,0.0,32.14,0.0,67.86,67.86,100.0
2025_mustang_panda,WatchGuard,67.86,14.29,3.57,0.0,14.29,0.0,85.71,85.71,100.0
2025_mustang_panda,WithSecure,21.43,10.71,21.43,0.0,46.43,0.0,53.57,53.57,100.0
